Workbook
Name in_uplift: Assumptions!$C$6
Name SelCat: Dashboard!$B$6
Name CatCrit: IF(Dashboard!$B$6="All","*",Dashboard!$B$6)

Sheet Dashboard
B1: SHELLY
B2: 13-week sales forecast
B3: Demo Neighbourhood Store (Eden Terrace format) · from 12 Oct 2026 · data to 11 Oct 2026
B5: Category
B6: All
B7: Change the blue cell to filter the whole workbook.
B9: NEXT 13 WEEKS | E9: LOW | H9: HIGH | K9: VS LAST YEAR
B10: =Model!$C$21 -> 275748.62 | E10: =Model!$D$21 -> 246828.36 | H10: =Model!$E$21 -> 304668.81 | K10: =Model!$G$21 -> 0.038551918
B13: NEXT WEEK | E13: PLAN INCL. UPLIFT | H13: LAST 13 WEEKS | K13: LAST 13 WEEKS YOY
B14: =Model!$C$8 -> 20091.79 | E14: =Model!$I$21 -> 275748.62 | H14: =Model!$C$40 -> 248707.06 | K14: =Model!$E$40 -> 0.044880788

Sheet Model
B1: SHELLY
B2: Model
B3: Live formulas over Raw, Lookup and Assumptions. Nothing on this sheet is typed in.
B5: 13-week forecast
B7: Week starting | C7: Forecast | D7: Low | E7: High | F7: Last year | G7: vs LY | H7: Uplift ($) | I7: Plan
B8: 46307 | C8: =SUMIFS(Raw!$D$2:$D$1288,Raw!$C$2:$C$1288,"Forecast",Raw!$B$2:$B$1288,CatCrit,Raw!$A$2:$A$1288,$B8) -> 20091.79 | D8: =SUMIFS(Raw!$E$2:$E$1288,Raw!$C$2:$C$1288,"Forecast",Raw!$B$2:$B$1288,CatCrit,Raw!$A$2:$A$1288,$B8) -> 17984.58 | E8: =SUMIFS(Raw!$F$2:$F$1288,Raw!$C$2:$C$1288,"Forecast",Raw!$B$2:$B$1288,CatCrit,Raw!$A$2:$A$1288,$B8) -> 22199 | F8: =SUMIFS(Raw!$D$2:$D$1288,Raw!$C$2:$C$1288,"Actual",Raw!$B$2:$B$1288,CatCrit,Raw!$A$2:$A$1288,$B8-364) -> 19730.9 | G8: =IFERROR(C8/F8-1,0) -> 0.0182906 | H8: =C8*Assumptions!$C$6 -> 0 | I8: =C8+H8 -> 20091.79
B9: 46314 | C9: =SUMIFS(Raw!$D$2:$D$1288,Raw!$C$2:$C$1288,"Forecast",Raw!$B$2:$B$1288,CatCrit,Raw!$A$2:$A$1288,$B9) -> 20879.38 | D9: =SUMIFS(Raw!$E$2:$E$1288,Raw!$C$2:$C$1288,"Forecast",Raw!$B$2:$B$1288,CatCrit,Raw!$A$2:$A$1288,$B9) -> 18689.58 | E9: =SUMIFS(Raw!$F$2:$F$1288,Raw!$C$2:$C$1288,"Forecast",Raw!$B$2:$B$1288,CatCrit,Raw!$A$2:$A$1288,$B9) -> 23069.17 | F9: =SUMIFS(Raw!$D$2:$D$1288,Raw!$C$2:$C$1288,"Actual",Raw!$B$2:$B$1288,CatCrit,Raw!$A$2:$A$1288,$B9-364) -> 20287.84 | G9: =IFERROR(C9/F9-1,0) -> 0.029157367 | H9: =C9*Assumptions!$C$6 -> 0 | I9: =C9+H9 -> 20879.38
B10: 46321 | C10: =SUMIFS(Raw!$D$2:$D$1288,Raw!$C$2:$C$1288,"Forecast",Raw!$B$2:$B$1288,CatCrit,Raw!$A$2:$A$1288,$B10) -> 19819.66 | D10: =SUMIFS(Raw!$E$2:$E$1288,Raw!$C$2:$C$1288,"Forecast",Raw!$B$2:$B$1288,CatCrit,Raw!$A$2:$A$1288,$B10) -> 17741 | E10: =SUMIFS(Raw!$F$2:$F$1288,Raw!$C$2:$C$1288,"Forecast",Raw!$B$2:$B$1288,CatCrit,Raw!$A$2:$A$1288,$B10) -> 21898.3 | F10: =SUMIFS(Raw!$D$2:$D$1288,Raw!$C$2:$C$1288,"Actual",Raw!$B$2:$B$1288,CatCrit,Raw!$A$2:$A$1288,$B10-364) -> 19131.24 | G10: =IFERROR(C10/F10-1,0) -> 0.035984076 | H10: =C10*Assumptions!$C$6 -> 0 | I10: =C10+H10 -> 19819.66
B11: 46328 | C11: =SUMIFS(Raw!$D$2:$D$1288,Raw!$C$2:$C$1288,"Forecast",Raw!$B$2:$B$1288,CatCrit,Raw!$A$2:$A$1288,$B11) -> 21739.04 | D11: =SUMIFS(Raw!$E$2:$E$1288,Raw!$C$2:$C$1288,"Forecast",Raw!$B$2:$B$1288,CatCrit,Raw!$A$2:$A$1288,$B11) -> 19459.06 | E11: =SUMIFS(Raw!$F$2:$F$1288,Raw!$C$2:$C$1288,"Forecast",Raw!$B$2:$B$1288,CatCrit,Raw!$A$2:$A$1288,$B11) -> 24018.99 | F11: =SUMIFS(Raw!$D$2:$D$1288,Raw!$C$2:$C$1288,"Actual",Raw!$B$2:$B$1288,CatCrit,Raw!$A$2:$A$1288,$B11-364) -> 20871.64 | G11: =IFERROR(C11/F11-1,0) -> 0.041558785 | H11: =C11*Assumptions!$C$6 -> 0 | I11: =C11+H11 -> 21739.04
B12: 46335 | C12: =SUMIFS(Raw!$D$2:$D$1288,Raw!$C$2:$C$1288,"Forecast",Raw!$B$2:$B$1288,CatCrit,Raw!$A$2:$A$1288,$B12) -> 20952.55 | D12: =SUMIFS(Raw!$E$2:$E$1288,Raw!$C$2:$C$1288,"Forecast",Raw!$B$2:$B$1288,CatCrit,Raw!$A$2:$A$1288,$B12) -> 18755.07 | E12: =SUMIFS(Raw!$F$2:$F$1288,Raw!$C$2:$C$1288,"Forecast",Raw!$B$2:$B$1288,CatCrit,Raw!$A$2:$A$1288,$B12) -> 23150.04 | F12: =SUMIFS(Raw!$D$2:$D$1288,Raw!$C$2:$C$1288,"Actual",Raw!$B$2:$B$1288,CatCrit,Raw!$A$2:$A$1288,$B12-364) -> 20104.45 | G12: =IFERROR(C12/F12-1,0) -> 0.04218469 | H12: =C12*Assumptions!$C$6 -> 0 | I12: =C12+H12 -> 20952.55
B13: 46342 | C13: =SUMIFS(Raw!$D$2:$D$1288,Raw!$C$2:$C$1288,"Forecast",Raw!$B$2:$B$1288,CatCrit,Raw!$A$2:$A$1288,$B13) -> 21464.6 | D13: =SUMIFS(Raw!$E$2:$E$1288,Raw!$C$2:$C$1288,"Forecast",Raw!$B$2:$B$1288,CatCrit,Raw!$A$2:$A$1288,$B13) -> 19213.4 | E13: =SUMIFS(Raw!$F$2:$F$1288,Raw!$C$2:$C$1288,"Forecast",Raw!$B$2:$B$1288,CatCrit,Raw!$A$2:$A$1288,$B13) -> 23715.8 | F13: =SUMIFS(Raw!$D$2:$D$1288,Raw!$C$2:$C$1288,"Actual",Raw!$B$2:$B$1288,CatCrit,Raw!$A$2:$A$1288,$B13-364) -> 20621.97 | G13: =IFERROR(C13/F13-1,0) -> 0.040860791 | H13: =C13*Assumptions!$C$6 -> 0 | I13: =C13+H13 -> 21464.6
B14: 46349 | C14: =SUMIFS(Raw!$D$2:$D$1288,Raw!$C$2:$C$1288,"Forecast",Raw!$B$2:$B$1288,CatCrit,Raw!$A$2:$A$1288,$B14) -> 20629.8 | D14: =SUMIFS(Raw!$E$2:$E$1288,Raw!$C$2:$C$1288,"Forecast",Raw!$B$2:$B$1288,CatCrit,Raw!$A$2:$A$1288,$B14) -> 18466.17 | E14: =SUMIFS(Raw!$F$2:$F$1288,Raw!$C$2:$C$1288,"Forecast",Raw!$B$2:$B$1288,CatCrit,Raw!$A$2:$A$1288,$B14) -> 22793.45 | F14: =SUMIFS(Raw!$D$2:$D$1288,Raw!$C$2:$C$1288,"Actual",Raw!$B$2:$B$1288,CatCrit,Raw!$A$2:$A$1288,$B14-364) -> 19774 | G14: =IFERROR(C14/F14-1,0) -> 0.043279053 | H14: =C14*Assumptions!$C$6 -> 0 | I14: =C14+H14 -> 20629.8
B15: 46356 | C15: =SUMIFS(Raw!$D$2:$D$1288,Raw!$C$2:$C$1288,"Forecast",Raw!$B$2:$B$1288,CatCrit,Raw!$A$2:$A$1288,$B15) -> 23790.27 | D15: =SUMIFS(Raw!$E$2:$E$1288,Raw!$C$2:$C$1288,"Forecast",Raw!$B$2:$B$1288,CatCrit,Raw!$A$2:$A$1288,$B15) -> 21295.18 | E15: =SUMIFS(Raw!$F$2:$F$1288,Raw!$C$2:$C$1288,"Forecast",Raw!$B$2:$B$1288,CatCrit,Raw!$A$2:$A$1288,$B15) -> 26285.38 | F15: =SUMIFS(Raw!$D$2:$D$1288,Raw!$C$2:$C$1288,"Actual",Raw!$B$2:$B$1288,CatCrit,Raw!$A$2:$A$1288,$B15-364) -> 22840.79 | G15: =IFERROR(C15/F15-1,0) -> 0.04156949 | H15: =C15*Assumptions!$C$6 -> 0 | I15: =C15+H15 -> 23790.27
B16: 46363 | C16: =SUMIFS(Raw!$D$2:$D$1288,Raw!$C$2:$C$1288,"Forecast",Raw!$B$2:$B$1288,CatCrit,Raw!$A$2:$A$1288,$B16) -> 23214.98 | D16: =SUMIFS(Raw!$E$2:$E$1288,Raw!$C$2:$C$1288,"Forecast",Raw!$B$2:$B$1288,CatCrit,Raw!$A$2:$A$1288,$B16) -> 20780.21 | E16: =SUMIFS(Raw!$F$2:$F$1288,Raw!$C$2:$C$1288,"Forecast",Raw!$B$2:$B$1288,CatCrit,Raw!$A$2:$A$1288,$B16) -> 25649.73 | F16: =SUMIFS(Raw!$D$2:$D$1288,Raw!$C$2:$C$1288,"Actual",Raw!$B$2:$B$1288,CatCrit,Raw!$A$2:$A$1288,$B16-364) -> 22299.02 | G16: =IFERROR(C16/F16-1,0) -> 0.041076245 | H16: =C16*Assumptions!$C$6 -> 0 | I16: =C16+H16 -> 23214.98
B17: 46370 | C17: =SUMIFS(Raw!$D$2:$D$1288,Raw!$C$2:$C$1288,"Forecast",Raw!$B$2:$B$1288,CatCrit,Raw!$A$2:$A$1288,$B17) -> 23268.04 | D17: =SUMIFS(Raw!$E$2:$E$1288,Raw!$C$2:$C$1288,"Forecast",Raw!$B$2:$B$1288,CatCrit,Raw!$A$2:$A$1288,$B17) -> 20827.71 | E17: =SUMIFS(Raw!$F$2:$F$1288,Raw!$C$2:$C$1288,"Forecast",Raw!$B$2:$B$1288,CatCrit,Raw!$A$2:$A$1288,$B17) -> 25708.35 | F17: =SUMIFS(Raw!$D$2:$D$1288,Raw!$C$2:$C$1288,"Actual",Raw!$B$2:$B$1288,CatCrit,Raw!$A$2:$A$1288,$B17-364) -> 22349.13 | G17: =IFERROR(C17/F17-1,0) -> 0.041116142 | H17: =C17*Assumptions!$C$6 -> 0 | I17: =C17+H17 -> 23268.04
B18: 46377 | C18: =SUMIFS(Raw!$D$2:$D$1288,Raw!$C$2:$C$1288,"Forecast",Raw!$B$2:$B$1288,CatCrit,Raw!$A$2:$A$1288,$B18) -> 20933.69 | D18: =SUMIFS(Raw!$E$2:$E$1288,Raw!$C$2:$C$1288,"Forecast",Raw!$B$2:$B$1288,CatCrit,Raw!$A$2:$A$1288,$B18) -> 18738.19 | E18: =SUMIFS(Raw!$F$2:$F$1288,Raw!$C$2:$C$1288,"Forecast",Raw!$B$2:$B$1288,CatCrit,Raw!$A$2:$A$1288,$B18) -> 23129.19 | F18: =SUMIFS(Raw!$D$2:$D$1288,Raw!$C$2:$C$1288,"Actual",Raw!$B$2:$B$1288,CatCrit,Raw!$A$2:$A$1288,$B18-364) -> 20090.06 | G18: =IFERROR(C18/F18-1,0) -> 0.041992408 | H18: =C18*Assumptions!$C$6 -> 0 | I18: =C18+H18 -> 20933.69
B19: 46384 | C19: =SUMIFS(Raw!$D$2:$D$1288,Raw!$C$2:$C$1288,"Forecast",Raw!$B$2:$B$1288,CatCrit,Raw!$A$2:$A$1288,$B19) -> 20028.25 | D19: =SUMIFS(Raw!$E$2:$E$1288,Raw!$C$2:$C$1288,"Forecast",Raw!$B$2:$B$1288,CatCrit,Raw!$A$2:$A$1288,$B19) -> 17927.68 | E19: =SUMIFS(Raw!$F$2:$F$1288,Raw!$C$2:$C$1288,"Forecast",Raw!$B$2:$B$1288,CatCrit,Raw!$A$2:$A$1288,$B19) -> 22128.77 | F19: =SUMIFS(Raw!$D$2:$D$1288,Raw!$C$2:$C$1288,"Actual",Raw!$B$2:$B$1288,CatCrit,Raw!$A$2:$A$1288,$B19-364) -> 19224.84 | G19: =IFERROR(C19/F19-1,0) -> 0.041790205 | H19: =C19*Assumptions!$C$6 -> 0 | I19: =C19+H19 -> 20028.25
B20: 46391 | C20: =SUMIFS(Raw!$D$2:$D$1288,Raw!$C$2:$C$1288,"Forecast",Raw!$B$2:$B$1288,CatCrit,Raw!$A$2:$A$1288,$B20) -> 18936.57 | D20: =SUMIFS(Raw!$E$2:$E$1288,Raw!$C$2:$C$1288,"Forecast",Raw!$B$2:$B$1288,CatCrit,Raw!$A$2:$A$1288,$B20) -> 16950.53 | E20: =SUMIFS(Raw!$F$2:$F$1288,Raw!$C$2:$C$1288,"Forecast",Raw!$B$2:$B$1288,CatCrit,Raw!$A$2:$A$1288,$B20) -> 20922.64 | F20: =SUMIFS(Raw!$D$2:$D$1288,Raw!$C$2:$C$1288,"Actual",Raw!$B$2:$B$1288,CatCrit,Raw!$A$2:$A$1288,$B20-364) -> 18186.72 | G20: =IFERROR(C20/F20-1,0) -> 0.041230634 | H20: =C20*Assumptions!$C$6 -> 0 | I20: =C20+H20 -> 18936.57
B21: Total | C21: =SUM(C8:C20) -> 275748.62 | D21: =SUM(D8:D20) -> 246828.36 | E21: =SUM(E8:E20) -> 304668.81 | F21: =SUM(F8:F20) -> 265512.6 | G21: =IFERROR(C21/F21-1,0) -> 0.038551918 | H21: =SUM(H8:H20) -> 0 | I21: =SUM(I8:I20) -> 275748.62
B24: Last 13 weeks (actual)
B26: Week starting | C26: Actual | D26: Year before | E26: YoY
B27: 46216 | C27: =SUMIFS(Raw!$D$2:$D$1288,Raw!$C$2:$C$1288,"Actual",Raw!$B$2:$B$1288,CatCrit,Raw!$A$2:$A$1288,$B27) -> 18942.64 | D27: =SUMIFS(Raw!$D$2:$D$1288,Raw!$C$2:$C$1288,"Actual",Raw!$B$2:$B$1288,CatCrit,Raw!$A$2:$A$1288,$B27-364) -> 17483.52 | E27: =IFERROR(C27/D27-1,0) -> 0.083456878
B28: 46223 | C28: =SUMIFS(Raw!$D$2:$D$1288,Raw!$C$2:$C$1288,"Actual",Raw!$B$2:$B$1288,CatCrit,Raw!$A$2:$A$1288,$B28) -> 18564.27 | D28: =SUMIFS(Raw!$D$2:$D$1288,Raw!$C$2:$C$1288,"Actual",Raw!$B$2:$B$1288,CatCrit,Raw!$A$2:$A$1288,$B28-364) -> 18018.4 | E28: =IFERROR(C28/D28-1,0) -> 0.030295143
B29: 46230 | C29: =SUMIFS(Raw!$D$2:$D$1288,Raw!$C$2:$C$1288,"Actual",Raw!$B$2:$B$1288,CatCrit,Raw!$A$2:$A$1288,$B29) -> 18799.89 | D29: =SUMIFS(Raw!$D$2:$D$1288,Raw!$C$2:$C$1288,"Actual",Raw!$B$2:$B$1288,CatCrit,Raw!$A$2:$A$1288,$B29-364) -> 17958.91 | E29: =IFERROR(C29/D29-1,0) -> 0.046828009
B30: 46237 | C30: =SUMIFS(Raw!$D$2:$D$1288,Raw!$C$2:$C$1288,"Actual",Raw!$B$2:$B$1288,CatCrit,Raw!$A$2:$A$1288,$B30) -> 18891.6 | D30: =SUMIFS(Raw!$D$2:$D$1288,Raw!$C$2:$C$1288,"Actual",Raw!$B$2:$B$1288,CatCrit,Raw!$A$2:$A$1288,$B30-364) -> 18042.43 | E30: =IFERROR(C30/D30-1,0) -> 0.047065168
B31: 46244 | C31: =SUMIFS(Raw!$D$2:$D$1288,Raw!$C$2:$C$1288,"Actual",Raw!$B$2:$B$1288,CatCrit,Raw!$A$2:$A$1288,$B31) -> 19235.48 | D31: =SUMIFS(Raw!$D$2:$D$1288,Raw!$C$2:$C$1288,"Actual",Raw!$B$2:$B$1288,CatCrit,Raw!$A$2:$A$1288,$B31-364) -> 18450.55 | E31: =IFERROR(C31/D31-1,0) -> 0.042542363
B32: 46251 | C32: =SUMIFS(Raw!$D$2:$D$1288,Raw!$C$2:$C$1288,"Actual",Raw!$B$2:$B$1288,CatCrit,Raw!$A$2:$A$1288,$B32) -> 19256.66 | D32: =SUMIFS(Raw!$D$2:$D$1288,Raw!$C$2:$C$1288,"Actual",Raw!$B$2:$B$1288,CatCrit,Raw!$A$2:$A$1288,$B32-364) -> 18008.12 | E32: =IFERROR(C32/D32-1,0) -> 0.069332057
B33: 46258 | C33: =SUMIFS(Raw!$D$2:$D$1288,Raw!$C$2:$C$1288,"Actual",Raw!$B$2:$B$1288,CatCrit,Raw!$A$2:$A$1288,$B33) -> 18703.6 | D33: =SUMIFS(Raw!$D$2:$D$1288,Raw!$C$2:$C$1288,"Actual",Raw!$B$2:$B$1288,CatCrit,Raw!$A$2:$A$1288,$B33-364) -> 18207.24 | E33: =IFERROR(C33/D33-1,0) -> 0.027261683
B34: 46265 | C34: =SUMIFS(Raw!$D$2:$D$1288,Raw!$C$2:$C$1288,"Actual",Raw!$B$2:$B$1288,CatCrit,Raw!$A$2:$A$1288,$B34) -> 18820.13 | D34: =SUMIFS(Raw!$D$2:$D$1288,Raw!$C$2:$C$1288,"Actual",Raw!$B$2:$B$1288,CatCrit,Raw!$A$2:$A$1288,$B34-364) -> 18150.07 | E34: =IFERROR(C34/D34-1,0) -> 0.036917764
B35: 46272 | C35: =SUMIFS(Raw!$D$2:$D$1288,Raw!$C$2:$C$1288,"Actual",Raw!$B$2:$B$1288,CatCrit,Raw!$A$2:$A$1288,$B35) -> 19343.01 | D35: =SUMIFS(Raw!$D$2:$D$1288,Raw!$C$2:$C$1288,"Actual",Raw!$B$2:$B$1288,CatCrit,Raw!$A$2:$A$1288,$B35-364) -> 18560.57 | E35: =IFERROR(C35/D35-1,0) -> 0.042156033
B36: 46279 | C36: =SUMIFS(Raw!$D$2:$D$1288,Raw!$C$2:$C$1288,"Actual",Raw!$B$2:$B$1288,CatCrit,Raw!$A$2:$A$1288,$B36) -> 20739.62 | D36: =SUMIFS(Raw!$D$2:$D$1288,Raw!$C$2:$C$1288,"Actual",Raw!$B$2:$B$1288,CatCrit,Raw!$A$2:$A$1288,$B36-364) -> 18366.69 | E36: =IFERROR(C36/D36-1,0) -> 0.12919748
B37: 46286 | C37: =SUMIFS(Raw!$D$2:$D$1288,Raw!$C$2:$C$1288,"Actual",Raw!$B$2:$B$1288,CatCrit,Raw!$A$2:$A$1288,$B37) -> 19014.68 | D37: =SUMIFS(Raw!$D$2:$D$1288,Raw!$C$2:$C$1288,"Actual",Raw!$B$2:$B$1288,CatCrit,Raw!$A$2:$A$1288,$B37-364) -> 18375.78 | E37: =IFERROR(C37/D37-1,0) -> 0.034768592
B38: 46293 | C38: =SUMIFS(Raw!$D$2:$D$1288,Raw!$C$2:$C$1288,"Actual",Raw!$B$2:$B$1288,CatCrit,Raw!$A$2:$A$1288,$B38) -> 19628.51 | D38: =SUMIFS(Raw!$D$2:$D$1288,Raw!$C$2:$C$1288,"Actual",Raw!$B$2:$B$1288,CatCrit,Raw!$A$2:$A$1288,$B38-364) -> 18863.44 | E38: =IFERROR(C38/D38-1,0) -> 0.04055835
B39: 46300 | C39: =SUMIFS(Raw!$D$2:$D$1288,Raw!$C$2:$C$1288,"Actual",Raw!$B$2:$B$1288,CatCrit,Raw!$A$2:$A$1288,$B39) -> 18766.97 | D39: =SUMIFS(Raw!$D$2:$D$1288,Raw!$C$2:$C$1288,"Actual",Raw!$B$2:$B$1288,CatCrit,Raw!$A$2:$A$1288,$B39-364) -> 19538.62 | E39: =IFERROR(C39/D39-1,0) -> -0.039493577
B40: Total | C40: =SUM(C27:C39) -> 248707.06 | D40: =SUM(D27:D39) -> 238024.34 | E40: =IFERROR(C40/D40-1,0) -> 0.044880788

Sheet Pivot
B1: SHELLY
B2: Pivot tables
B3: Real Excel PivotTables over the Raw sheet: drag fields in the PivotTable pane to explore. They refresh when the file opens.
A5: Sales by category (filter Type)
A6: Type | B6: (All)
A8: Row Labels | B8: Sales
A9: Bakery | B9: 126712.01
A10: Beer & Wine | B10: 276166.91
A11: Beverages | B11: 345768.96
A12: Dairy | B12: 368786.9
A13: Food To Go | B13: 411256.02
A14: Frozen | B14: 154370.17
A15: Grocery | B15: 219400.91
A16: Health & Beauty | B16: 38026.7
A17: Household | B17: 61474.11
A18: Produce | B18: 52507.18
A19: Snacks & Confectionery | B19: 225789.58
A20: Grand Total | B20: 2280259.5
A24: Weekly sales by type
A25: Sales | B25: Column Labels
A26: Row Labels | B26: Actual | C26: Forecast | D26: Grand Total
A27: 2024-10-14 | B27: 18072.52 | C27: 0 | D27: 18072.52
A28: 2024-10-21 | B28: 19153.95 | C28: 0 | D28: 19153.95
A29: 2024-10-28 | B29: 17455.73 | C29: 0 | D29: 17455.73
A30: 2024-11-04 | B30: 19512.77 | C30: 0 | D30: 19512.77
A31: 2024-11-11 | B31: 19482.66 | C31: 0 | D31: 19482.66
A32: 2024-11-18 | B32: 19361.01 | C32: 0 | D32: 19361.01
A33: 2024-11-25 | B33: 20057.05 | C33: 0 | D33: 20057.05
A34: 2024-12-02 | B34: 22502.59 | C34: 0 | D34: 22502.59
A35: 2024-12-09 | B35: 21753.68 | C35: 0 | D35: 21753.68
A36: 2024-12-16 | B36: 21329.31 | C36: 0 | D36: 21329.31
A37: 2024-12-23 | B37: 20114.22 | C37: 0 | D37: 20114.22
A38: 2024-12-30 | B38: 17587.12 | C38: 0 | D38: 17587.12
... A144: Grand Total | B144: 2004510.8 | C144: 275748.62 | D144: 2280259.5

Sheet Raw
A1: Week start | B1: Category | C1: Type | D1: Sales | E1: Low | F1: High
A2: 45579 | B2: Bakery | C2: Actual | D2: 1017.77
A3: 45579 | B3: Beer & Wine | C3: Actual | D3: 2209.85
A4: 45579 | B4: Beverages | C4: Actual | D4: 2765.74
A5: 45579 | B5: Dairy | C5: Actual | D5: 3073.88
A6: 45579 | B6: Food To Go | C6: Actual | D6: 3263.28
A7: 45579 | B7: Frozen | C7: Actual | D7: 1146.41
A8: 45579 | B8: Grocery | C8: Actual | D8: 1748.45
A9: 45579 | B9: Health & Beauty | C9: Actual | D9: 222.69
A10: 45579 | B10: Household | C10: Actual | D10: 499.36
A11: 45579 | B11: Produce | C11: Actual | D11: 410.24
A12: 45579 | B12: Snacks & Confectionery | C12: Actual | D12: 1714.85
A13: 45586 | B13: Bakery | C13: Actual | D13: 1066.01
... A1145: 46300 | B1145: Snacks & Confectionery | C1145: Actual | D1145: 1865.27
A1146: 46307 | B1146: Bakery | C1146: Forecast | D1146: 1121.93 | E1146: 1004.26 | F1146: 1239.6
A1147: 46307 | B1147: Beer & Wine | C1147: Forecast | D1147: 2391.25 | E1147: 2140.46 | F1147: 2642.04
A1148: 46307 | B1148: Beverages | C1148: Forecast | D1148: 3066.21 | E1148: 2744.63 | F1148: 3387.79
A1149: 46307 | B1149: Dairy | C1149: Forecast | D1149: 3246.69 | E1149: 2906.18 | F1149: 3587.2
A1150: 46307 | B1150: Food To Go | C1150: Forecast | D1150: 3483.28 | E1150: 3117.96 | F1150: 3848.6
A1151: 46307 | B1151: Frozen | C1151: Forecast | D1151: 1350.76 | E1151: 1209.09 | F1151: 1492.43
A1152: 46307 | B1152: Grocery | C1152: Forecast | D1152: 1951.21 | E1152: 1746.57 | F1152: 2155.85
A1153: 46307 | B1153: Health & Beauty | C1153: Forecast | D1153: 329.71 | E1153: 295.13 | F1153: 364.29
A1154: 46307 | B1154: Household | C1154: Forecast | D1154: 530.5 | E1154: 474.86 | F1154: 586.14
A1155: 46307 | B1155: Produce | C1155: Forecast | D1155: 439.62 | E1155: 393.51 | F1155: 485.73
A1156: 46307 | B1156: Snacks & Confectionery | C1156: Forecast | D1156: 2180.63 | E1156: 1951.93 | F1156: 2409.33
A1157: 46314 | B1157: Bakery | C1157: Forecast | D1157: 1162.83 | E1157: 1040.87 | F1157: 1284.78
... A1288: 46391 | B1288: Snacks & Confectionery | C1288: Forecast | D1288: 1702.19 | E1288: 1523.67 | F1288: 1880.72

Sheet Lookup
B1: SHELLY
B2: Lookup tables
B3: Reference data used by INDEX-MATCH formulas in the Model sheet.
B5: targets | M5: Category list
B6: category | C6: gm_target_pct | D6: owner | E6: short_life | M6: All
B7: Bakery | C7: 0.382 | D7: Store Manager | E7: Yes | M7: Bakery
B8: Beer & Wine | C8: 0.338 | D8: Licence Manager | E8: No | M8: Beer & Wine
B9: Beverages | C9: 0.51 | D9: Duty Manager | E9: No | M9: Beverages
B10: Dairy | C10: 0.278 | D10: Duty Manager | E10: Yes | M10: Dairy
B11: Food To Go | C11: 0.478 | D11: Store Manager | E11: Yes | M11: Food To Go
B12: Frozen | C12: 0.436 | D12: Duty Manager | E12: No | M12: Frozen
B13: Grocery | C13: 0.348 | D13: Duty Manager | E13: No | M13: Grocery
B14: Health & Beauty | C14: 0.501 | D14: Store Manager | E14: No | M14: Health & Beauty
B15: Household | C15: 0.412 | D15: Duty Manager | E15: No | M15: Household
B16: Produce | C16: 0.431 | D16: Duty Manager | E16: Yes | M16: Produce
B17: Snacks & Confectionery | C17: 0.443 | D17: Duty Manager | E17: No | M17: Snacks & Confectionery

Sheet Assumptions
B1: SHELLY
B2: Assumptions
B3: Blue cells are inputs: change them and every sheet recalculates.
B5: Input | C5: Value | D5: Why / source
B6: Promo / event uplift on forecast | C6: 0 | D6: Add a planned uplift, e.g. 3% for a promotion season

Sheet Notes
B1: SHELLY
B2: Notes, method and sign-off
B3: How the numbers were made, what each column means, and who approved it.
B5: About this workbook
C6: Store: Demo Neighbourhood Store (Eden Terrace format). Data to 11 Oct 2026. Shelly v1.19.0.
C7: Synthetic demo data.
C8: Change the blue Category cell on the Dashboard, or any blue input on Assumptions: every formula follows.
B10: Method
C11: Weeks 4-13: last year's same week × recent 12-week trend (capped ±15%).
C12: Weeks 1-3 blend in the daily models' 7-day forecast (weights 1, 0.5, 0.25).
C13: 80% range from 13 weekly backtests: ±10.5%.
B15: Data dictionary (Raw sheet)
B16: Week start | C16: First day of the 7-day week
B17: Type | C17: Actual or Forecast
B18: Sales | C18: Net sales ($)
B19: Low/High | C19: 80% range
B21: Sign-off
B22: Forecast reviewed for ordering and rostering | C22: Name: ____________ Date: ________ ☐ Approved ☐ Changes needed
B24: Generated by Shelly on 11 Oct 2026 21:20
