Workbook
Name SelCat: Dashboard!$B$6
Name CatCrit: IF(Dashboard!$B$6="All","*",Dashboard!$B$6)

Sheet Dashboard
B1: SHELLY
B2: Production report
B3: Demo data · industry pack
B5: Line
B6: All
B7: Change the blue cell to filter the whole workbook.
B9: UNITS | E9: GOOD UNITS | H9: SCRAP UNITS | K9: DOWNTIME MIN
B10: =SUMIFS(Raw!$F$2:$F$73,Raw!$C$2:$C$73,CatCrit) -> 1567123 | E10: =SUMIFS(Raw!$G$2:$G$73,Raw!$C$2:$C$73,CatCrit) -> 1499796 | H10: =SUMIFS(Raw!$H$2:$H$73,Raw!$C$2:$C$73,CatCrit) -> 67327 | K10: =SUMIFS(Raw!$E$2:$E$73,Raw!$C$2:$C$73,CatCrit) -> 3171
B13: SCRAP % | E13: AVAILABILITY | H13: ADHERENCE
B14: =IFERROR(SUMIFS(Raw!$H$2:$H$73,Raw!$C$2:$C$73,CatCrit)/SUMIFS(Raw!$F$2:$F$73,Raw!$C$2:$C$73,CatCrit),0) -> 0.042962167 | E14: =IFERROR(1-SUMIFS(Raw!$E$2:$E$73,Raw!$C$2:$C$73,CatCrit)/SUMIFS(Raw!$D$2:$D$73,Raw!$C$2:$C$73,CatCrit),0) -> 0.90212963 | H14: =IFERROR(SUMIFS(Raw!$G$2:$G$73,Raw!$C$2:$C$73,CatCrit)/SUMIFS(Raw!$I$2:$I$73,Raw!$C$2:$C$73,CatCrit),0) -> 0.93831081

Sheet Model
B1: SHELLY
B2: Model
B3: Live formulas over Raw, Lookup and Assumptions. Nothing on this sheet is typed in.
B5: By line
B7: Line | C7: Units | D7: Good units | E7: Scrap units | F7: Downtime min | G7: Scrap % | H7: Availability | I7: Adherence
B8: Line 1 | C8: =SUMIFS(Raw!$F$2:$F$73,Raw!$C$2:$C$73,$B8) -> 520285 | D8: =SUMIFS(Raw!$G$2:$G$73,Raw!$C$2:$C$73,$B8) -> 510279 | E8: =SUMIFS(Raw!$H$2:$H$73,Raw!$C$2:$C$73,$B8) -> 10006 | F8: =SUMIFS(Raw!$E$2:$E$73,Raw!$C$2:$C$73,$B8) -> 848 | G8: =IFERROR(SUMIFS(Raw!$H$2:$H$73,Raw!$C$2:$C$73,$B8)/SUMIFS(Raw!$F$2:$F$73,Raw!$C$2:$C$73,$B8),0) -> 0.019231767 | H8: =IFERROR(1-SUMIFS(Raw!$E$2:$E$73,Raw!$C$2:$C$73,$B8)/SUMIFS(Raw!$D$2:$D$73,Raw!$C$2:$C$73,$B8),0) -> 0.92148148 | I8: =IFERROR(SUMIFS(Raw!$G$2:$G$73,Raw!$C$2:$C$73,$B8)/SUMIFS(Raw!$I$2:$I$73,Raw!$C$2:$C$73,$B8),0) -> 0.98433449
B9: Line 2 | C9: =SUMIFS(Raw!$F$2:$F$73,Raw!$C$2:$C$73,$B9) -> 361477 | D9: =SUMIFS(Raw!$G$2:$G$73,Raw!$C$2:$C$73,$B9) -> 350158 | E9: =SUMIFS(Raw!$H$2:$H$73,Raw!$C$2:$C$73,$B9) -> 11319 | F9: =SUMIFS(Raw!$E$2:$E$73,Raw!$C$2:$C$73,$B9) -> 1621 | G9: =IFERROR(SUMIFS(Raw!$H$2:$H$73,Raw!$C$2:$C$73,$B9)/SUMIFS(Raw!$F$2:$F$73,Raw!$C$2:$C$73,$B9),0) -> 0.031313196 | H9: =IFERROR(1-SUMIFS(Raw!$E$2:$E$73,Raw!$C$2:$C$73,$B9)/SUMIFS(Raw!$D$2:$D$73,Raw!$C$2:$C$73,$B9),0) -> 0.84990741 | I9: =IFERROR(SUMIFS(Raw!$G$2:$G$73,Raw!$C$2:$C$73,$B9)/SUMIFS(Raw!$I$2:$I$73,Raw!$C$2:$C$73,$B9),0) -> 0.90061214
B10: Line 3 | C10: =SUMIFS(Raw!$F$2:$F$73,Raw!$C$2:$C$73,$B10) -> 685361 | D10: =SUMIFS(Raw!$G$2:$G$73,Raw!$C$2:$C$73,$B10) -> 639359 | E10: =SUMIFS(Raw!$H$2:$H$73,Raw!$C$2:$C$73,$B10) -> 46002 | F10: =SUMIFS(Raw!$E$2:$E$73,Raw!$C$2:$C$73,$B10) -> 702 | G10: =IFERROR(SUMIFS(Raw!$H$2:$H$73,Raw!$C$2:$C$73,$B10)/SUMIFS(Raw!$F$2:$F$73,Raw!$C$2:$C$73,$B10),0) -> 0.067120831 | H10: =IFERROR(1-SUMIFS(Raw!$E$2:$E$73,Raw!$C$2:$C$73,$B10)/SUMIFS(Raw!$D$2:$D$73,Raw!$C$2:$C$73,$B10),0) -> 0.935 | I10: =IFERROR(SUMIFS(Raw!$G$2:$G$73,Raw!$C$2:$C$73,$B10)/SUMIFS(Raw!$I$2:$I$73,Raw!$C$2:$C$73,$B10),0) -> 0.92499855
B11: Total | C11: =SUM(C8:C10) -> 1567123 | D11: =SUM(D8:D10) -> 1499796 | E11: =SUM(E8:E10) -> 67327 | F11: =SUM(F8:F10) -> 3171
B14: By week (follows the selector)
B16: Week | C16: Units | D16: Good units | E16: Scrap units | F16: Downtime min
B17: 46258 | C17: =SUMIFS(Raw!$F$2:$F$73,Raw!$C$2:$C$73,CatCrit,Raw!$B$2:$B$73,$B17) -> 63570 | D17: =SUMIFS(Raw!$G$2:$G$73,Raw!$C$2:$C$73,CatCrit,Raw!$B$2:$B$73,$B17) -> 60661 | E17: =SUMIFS(Raw!$H$2:$H$73,Raw!$C$2:$C$73,CatCrit,Raw!$B$2:$B$73,$B17) -> 2909 | F17: =SUMIFS(Raw!$E$2:$E$73,Raw!$C$2:$C$73,CatCrit,Raw!$B$2:$B$73,$B17) -> 123
B18: 46265 | C18: =SUMIFS(Raw!$F$2:$F$73,Raw!$C$2:$C$73,CatCrit,Raw!$B$2:$B$73,$B18) -> 399057 | D18: =SUMIFS(Raw!$G$2:$G$73,Raw!$C$2:$C$73,CatCrit,Raw!$B$2:$B$73,$B18) -> 383338 | E18: =SUMIFS(Raw!$H$2:$H$73,Raw!$C$2:$C$73,CatCrit,Raw!$B$2:$B$73,$B18) -> 15719 | F18: =SUMIFS(Raw!$E$2:$E$73,Raw!$C$2:$C$73,CatCrit,Raw!$B$2:$B$73,$B18) -> 726
B19: 46272 | C19: =SUMIFS(Raw!$F$2:$F$73,Raw!$C$2:$C$73,CatCrit,Raw!$B$2:$B$73,$B19) -> 391829 | D19: =SUMIFS(Raw!$G$2:$G$73,Raw!$C$2:$C$73,CatCrit,Raw!$B$2:$B$73,$B19) -> 376437 | E19: =SUMIFS(Raw!$H$2:$H$73,Raw!$C$2:$C$73,CatCrit,Raw!$B$2:$B$73,$B19) -> 15392 | F19: =SUMIFS(Raw!$E$2:$E$73,Raw!$C$2:$C$73,CatCrit,Raw!$B$2:$B$73,$B19) -> 794
B20: 46279 | C20: =SUMIFS(Raw!$F$2:$F$73,Raw!$C$2:$C$73,CatCrit,Raw!$B$2:$B$73,$B20) -> 386888 | D20: =SUMIFS(Raw!$G$2:$G$73,Raw!$C$2:$C$73,CatCrit,Raw!$B$2:$B$73,$B20) -> 368866 | E20: =SUMIFS(Raw!$H$2:$H$73,Raw!$C$2:$C$73,CatCrit,Raw!$B$2:$B$73,$B20) -> 18022 | F20: =SUMIFS(Raw!$E$2:$E$73,Raw!$C$2:$C$73,CatCrit,Raw!$B$2:$B$73,$B20) -> 875
B21: 46286 | C21: =SUMIFS(Raw!$F$2:$F$73,Raw!$C$2:$C$73,CatCrit,Raw!$B$2:$B$73,$B21) -> 325779 | D21: =SUMIFS(Raw!$G$2:$G$73,Raw!$C$2:$C$73,CatCrit,Raw!$B$2:$B$73,$B21) -> 310494 | E21: =SUMIFS(Raw!$H$2:$H$73,Raw!$C$2:$C$73,CatCrit,Raw!$B$2:$B$73,$B21) -> 15285 | F21: =SUMIFS(Raw!$E$2:$E$73,Raw!$C$2:$C$73,CatCrit,Raw!$B$2:$B$73,$B21) -> 653
B22: Total | C22: =SUM(C17:C21) -> 1567123 | D22: =SUM(D17:D21) -> 1499796 | E22: =SUM(E17:E21) -> 67327 | F22: =SUM(F17:F21) -> 3171

Sheet Pivot
B1: SHELLY
B2: Pivot tables
B3: Real Excel PivotTables over the Raw sheet: drag fields in the PivotTable pane to explore. They refresh when the file opens.
A5: Downtime min by line and week
A6: Row Labels | B6: Downtime min
A7: Line 1 | B7: 848
A8: Line 2 | B8: 1621
A9: Line 3 | B9: 702
A10: Grand Total | B10: 3171
A14: Units by week
A15: Row Labels | B15: Units
A16: 2026-08-24 | B16: 63570
A17: 2026-08-31 | B17: 399057
A18: 2026-09-07 | B18: 391829
A19: 2026-09-14 | B19: 386888
A20: 2026-09-21 | B20: 325779
A21: Grand Total | B21: 1567123

Sheet Raw
A1: Date | B1: Week | C1: Line | D1: Planned min | E1: Downtime min | F1: Units | G1: Good units | H1: Scrap units | I1: Scheduled units
A2: 46263 | B2: 46258 | C2: Line 1 | D2: 450 | E2: 25 | F2: 23371 | G2: 22961 | H2: 410 | I2: 21600
A3: 46263 | B3: 46258 | C3: Line 2 | D3: 450 | E3: 75 | F3: 13315 | G3: 12900 | H3: 415 | I3: 16200
A4: 46263 | B4: 46258 | C4: Line 3 | D4: 450 | E4: 23 | F4: 26884 | G4: 24800 | H4: 2084 | I4: 28800
A5: 46265 | B5: 46265 | C5: Line 1 | D5: 450 | E5: 55 | F5: 21134 | G5: 20971 | H5: 163 | I5: 21600
A6: 46265 | B6: 46265 | C6: Line 2 | D6: 450 | E6: 59 | F6: 16659 | G6: 16125 | H6: 534 | I6: 16200
A7: 46265 | B7: 46265 | C7: Line 3 | D7: 450 | E7: 9 | F7: 29857 | G7: 28114 | H7: 1743 | I7: 28800
A8: 46266 | B8: 46265 | C8: Line 1 | D8: 450 | E8: 27 | F8: 20037 | G8: 19779 | H8: 258 | I8: 21600
A9: 46266 | B9: 46265 | C9: Line 2 | D9: 450 | E9: 77 | F9: 15617 | G9: 15240 | H9: 377 | I9: 16200
A10: 46266 | B10: 46265 | C10: Line 3 | D10: 450 | E10: 35 | F10: 30813 | G10: 29162 | H10: 1651 | I10: 28800
A11: 46267 | B11: 46265 | C11: Line 1 | D11: 450 | E11: 32 | F11: 23285 | G11: 22859 | H11: 426 | I11: 21600
A12: 46267 | B12: 46265 | C12: Line 2 | D12: 450 | E12: 55 | F12: 13884 | G12: 13472 | H12: 412 | I12: 16200
A13: 46267 | B13: 46265 | C13: Line 3 | D13: 450 | E13: 26 | F13: 27606 | G13: 25782 | H13: 1824 | I13: 28800
... A73: 46290 | B73: 46286 | C73: Line 3 | D73: 450 | E73: 34 | F73: 30791 | G73: 28678 | H73: 2113 | I73: 28800

Sheet Lookup
B1: SHELLY
B2: Lookup tables
B3: Reference data used by INDEX-MATCH formulas in the Model sheet.
M5: Line list
M6: All
M7: Line 1
M8: Line 2
M9: Line 3

Sheet Assumptions
B1: SHELLY
B2: Assumptions
B3: Blue cells are inputs: change them and every sheet recalculates.
B5: Input | C5: Value | D5: Why / source

Sheet Actions
B1: SHELLY
B2: Actions
B5: Priority | C5: Area | D5: Action | E5: Why | F5: Impact $/week | G5: Owner
B6: P2 | C6: Quality | D6: Line 3: root-cause scrap at 6.7% ($16,101 in 4 weeks) | E6: above the 5% threshold; start with changeovers and first-off checks | F6: -4025 | G6: Quality Lead

Sheet OEE by line 4 weeks pct
B1: SHELLY
B2: OEE by line 4 weeks pct
B5: line | C5: availability | D5: performance | E5: quality | F5: oee
B6: Line 1 | C6: 92.1 | D6: 87.1 | E6: 98.1 | F6: 78.7
B7: Line 2 | C7: 85 | D7: 87.5 | E7: 96.9 | F7: 72
B8: Line 3 | C8: 93.5 | D8: 84.8 | E8: 93.3 | F8: 74

Sheet Scrap
B1: SHELLY
B2: Scrap
B5: line | C5: units | D5: good | E5: scrap_pct | F5: scrap_cost_4w
B6: Line 1 | C6: 520285 | D6: 510279 | E6: 1.9 | F6: 3502.1
B7: Line 2 | C7: 361477 | D7: 350158 | E7: 3.1 | F7: 3961.6
B8: Line 3 | C8: 685361 | D8: 639359 | E8: 6.7 | F8: 16100.7

Sheet Schedule adherence
B1: SHELLY
B2: Schedule adherence
B5: line | C5: good | D5: sched | E5: adherence_pct
B6: Line 1 | C6: 510279 | D6: 518400 | E6: 98.4
B7: Line 2 | C7: 350158 | D7: 388800 | E7: 90.1
B8: Line 3 | C8: 639359 | D8: 691200 | E8: 92.5

Sheet Notes
B1: SHELLY
B2: Notes, method and sign-off
B3: How the numbers were made, what each column means, and who approved it.
B5: About this workbook
C6: Industry pack demo. Replace Raw with your own export (same column names) and the Model, KPIs and pivots follow.
C7: Analysis sheets hold Shelly's skill results; Actions lists findings for your confirmation.
B9: Data dictionary (Raw sheet)
B10: Date
B11: Week
B12: Line
B13: Planned min
B14: Downtime min
B15: Units
B16: Good units
B17: Scrap units
B18: Scheduled units
B20: Sign-off
B21: Findings reviewed | C21: Name: ____________ Date: ________ ☐ Approved ☐ Changes needed
B23: Generated by Shelly on 11 Oct 2026 21:21
