Workbook
Name in_lead: Assumptions!$C$6
Name in_review: Assumptions!$C$7
Name in_z: Assumptions!$C$8
Name SelCat: Dashboard!$B$6
Name CatCrit: IF(Dashboard!$B$6="All","*",Dashboard!$B$6)

Sheet Dashboard
B1: SHELLY
B2: Stock & reorder plan
B3: Demo Neighbourhood Store (Eden Terrace format) · stock position at 11 Oct 2026
B5: Category
B6: All
B7: Change the blue cell to filter the whole workbook.
B9: ORDER VALUE | E9: LINES TO ORDER | H9: ORDER NOW | K9: BLOCKED (RECALL)
B10: =SUMIFS(Model!$L$8:$L$57,Model!$O$8:$O$57,1) -> 22 | E10: =COUNTIFS(Model!$K$8:$K$57,">0",Model!$O$8:$O$57,1) -> 1 | H10: =COUNTIFS(Model!$N$8:$N$57,"Order now",Model!$O$8:$O$57,1) -> 0 | K10: =COUNTIFS(Model!$N$8:$N$57,"Blocked - recall",Model!$O$8:$O$57,1) -> 1

Sheet Model
B1: SHELLY
B2: Model
B3: Live formulas over Raw, Lookup and Assumptions. Nothing on this sheet is typed in.
B5: Reorder calculation (live)
B6: Change lead time, review period or service level on Assumptions and every order recalculates.
B7: SKU | C7: Product | D7: Category | E7: Supplier | F7: Daily demand | G7: On hand | H7: Safety stock | I7: Reorder point | J7: Order up to | K7: Order qty | L7: Order $ | M7: Days cover | N7: Status | O7: In selection
B8: BAK003 | C8: =INDEX(Raw!$B$2:$B$51,MATCH($B8,Raw!$A$2:$A$51,0)) -> Croissant 4pk | D8: =INDEX(Raw!$C$2:$C$51,MATCH($B8,Raw!$A$2:$A$51,0)) -> Bakery | E8: =INDEX(Raw!$D$2:$D$51,MATCH($B8,Raw!$A$2:$A$51,0)) -> Auckland Bakehouse | F8: =INDEX(Raw!$E$2:$E$51,MATCH($B8,Raw!$A$2:$A$51,0)) -> 6.929 | G8: =INDEX(Raw!$G$2:$G$51,MATCH($B8,Raw!$A$2:$A$51,0)) -> 51 | H8: =Assumptions!$C$8*INDEX(Raw!$F$2:$F$51,MATCH($B8,Raw!$A$2:$A$51,0))*SQRT(Assumptions!$C$6+Assumptions!$C$7) -> 10.51987 | I8: =MIN(F8*(Assumptions!$C$6+Assumptions!$C$7)+H8,F8*MAX(1,INDEX(Raw!$H$2:$H$51,MATCH($B8,Raw!$A$2:$A$51,0)))) -> 20.787 | J8: =MIN(I8+F8*Assumptions!$C$7,F8*MAX(1,INDEX(Raw!$H$2:$H$51,MATCH($B8,Raw!$A$2:$A$51,0)))) -> 20.787 | K8: =IF(OR(INDEX(Raw!$J$2:$J$51,MATCH($B8,Raw!$A$2:$A$51,0))=1,G8>I8),0,ROUNDUP(MAX(0,J8-G8),0)) -> 0 | L8: =K8*INDEX(Raw!$I$2:$I$51,MATCH($B8,Raw!$A$2:$A$51,0)) -> 0 | M8: =IFERROR(G8/F8,0) -> 7.3603695 | N8: =IF(INDEX(Raw!$J$2:$J$51,MATCH($B8,Raw!$A$2:$A$51,0))=1,"Blocked - recall",IF(M8<Assumptions!$C$6,"Order now",IF(K8>0,"Order","OK"))) -> OK | O8: =IF(OR(SelCat="All",D8=SelCat),1,0) -> 1
B9: BAK001 | C9: =INDEX(Raw!$B$2:$B$51,MATCH($B9,Raw!$A$2:$A$51,0)) -> Toast Bread White | D9: =INDEX(Raw!$C$2:$C$51,MATCH($B9,Raw!$A$2:$A$51,0)) -> Bakery | E9: =INDEX(Raw!$D$2:$D$51,MATCH($B9,Raw!$A$2:$A$51,0)) -> Auckland Bakehouse | F9: =INDEX(Raw!$E$2:$E$51,MATCH($B9,Raw!$A$2:$A$51,0)) -> 20.393 | G9: =INDEX(Raw!$G$2:$G$51,MATCH($B9,Raw!$A$2:$A$51,0)) -> 179 | H9: =Assumptions!$C$8*INDEX(Raw!$F$2:$F$51,MATCH($B9,Raw!$A$2:$A$51,0))*SQRT(Assumptions!$C$6+Assumptions!$C$7) -> 17.587417 | I9: =MIN(F9*(Assumptions!$C$6+Assumptions!$C$7)+H9,F9*MAX(1,INDEX(Raw!$H$2:$H$51,MATCH($B9,Raw!$A$2:$A$51,0)))) -> 78.766417 | J9: =MIN(I9+F9*Assumptions!$C$7,F9*MAX(1,INDEX(Raw!$H$2:$H$51,MATCH($B9,Raw!$A$2:$A$51,0)))) -> 99.159417 | K9: =IF(OR(INDEX(Raw!$J$2:$J$51,MATCH($B9,Raw!$A$2:$A$51,0))=1,G9>I9),0,ROUNDUP(MAX(0,J9-G9),0)) -> 0 | L9: =K9*INDEX(Raw!$I$2:$I$51,MATCH($B9,Raw!$A$2:$A$51,0)) -> 0 | M9: =IFERROR(G9/F9,0) -> 8.7775217 | N9: =IF(INDEX(Raw!$J$2:$J$51,MATCH($B9,Raw!$A$2:$A$51,0))=1,"Blocked - recall",IF(M9<Assumptions!$C$6,"Order now",IF(K9>0,"Order","OK"))) -> OK | O9: =IF(OR(SelCat="All",D9=SelCat),1,0) -> 1
B10: BAK002 | C10: =INDEX(Raw!$B$2:$B$51,MATCH($B10,Raw!$A$2:$A$51,0)) -> Wholemeal Loaf | D10: =INDEX(Raw!$C$2:$C$51,MATCH($B10,Raw!$A$2:$A$51,0)) -> Bakery | E10: =INDEX(Raw!$D$2:$D$51,MATCH($B10,Raw!$A$2:$A$51,0)) -> Auckland Bakehouse | F10: =INDEX(Raw!$E$2:$E$51,MATCH($B10,Raw!$A$2:$A$51,0)) -> 11.893 | G10: =INDEX(Raw!$G$2:$G$51,MATCH($B10,Raw!$A$2:$A$51,0)) -> 95 | H10: =Assumptions!$C$8*INDEX(Raw!$F$2:$F$51,MATCH($B10,Raw!$A$2:$A$51,0))*SQRT(Assumptions!$C$6+Assumptions!$C$7) -> 12.740446 | I10: =MIN(F10*(Assumptions!$C$6+Assumptions!$C$7)+H10,F10*MAX(1,INDEX(Raw!$H$2:$H$51,MATCH($B10,Raw!$A$2:$A$51,0)))) -> 48.419446 | J10: =MIN(I10+F10*Assumptions!$C$7,F10*MAX(1,INDEX(Raw!$H$2:$H$51,MATCH($B10,Raw!$A$2:$A$51,0)))) -> 59.465 | K10: =IF(OR(INDEX(Raw!$J$2:$J$51,MATCH($B10,Raw!$A$2:$A$51,0))=1,G10>I10),0,ROUNDUP(MAX(0,J10-G10),0)) -> 0 | L10: =K10*INDEX(Raw!$I$2:$I$51,MATCH($B10,Raw!$A$2:$A$51,0)) -> 0 | M10: =IFERROR(G10/F10,0) -> 7.987892 | N10: =IF(INDEX(Raw!$J$2:$J$51,MATCH($B10,Raw!$A$2:$A$51,0))=1,"Blocked - recall",IF(M10<Assumptions!$C$6,"Order now",IF(K10>0,"Order","OK"))) -> OK | O10: =IF(OR(SelCat="All",D10=SelCat),1,0) -> 1
B11: LIQ001 | C11: =INDEX(Raw!$B$2:$B$51,MATCH($B11,Raw!$A$2:$A$51,0)) -> Craft Beer 6pk | D11: =INDEX(Raw!$C$2:$C$51,MATCH($B11,Raw!$A$2:$A$51,0)) -> Beer & Wine | E11: =INDEX(Raw!$D$2:$D$51,MATCH($B11,Raw!$A$2:$A$51,0)) -> Liquor Dist. | F11: =INDEX(Raw!$E$2:$E$51,MATCH($B11,Raw!$A$2:$A$51,0)) -> 5.643 | G11: =INDEX(Raw!$G$2:$G$51,MATCH($B11,Raw!$A$2:$A$51,0)) -> 51 | H11: =Assumptions!$C$8*INDEX(Raw!$F$2:$F$51,MATCH($B11,Raw!$A$2:$A$51,0))*SQRT(Assumptions!$C$6+Assumptions!$C$7) -> 9.7825364 | I11: =MIN(F11*(Assumptions!$C$6+Assumptions!$C$7)+H11,F11*MAX(1,INDEX(Raw!$H$2:$H$51,MATCH($B11,Raw!$A$2:$A$51,0)))) -> 26.711536 | J11: =MIN(I11+F11*Assumptions!$C$7,F11*MAX(1,INDEX(Raw!$H$2:$H$51,MATCH($B11,Raw!$A$2:$A$51,0)))) -> 32.354536 | K11: =IF(OR(INDEX(Raw!$J$2:$J$51,MATCH($B11,Raw!$A$2:$A$51,0))=1,G11>I11),0,ROUNDUP(MAX(0,J11-G11),0)) -> 0 | L11: =K11*INDEX(Raw!$I$2:$I$51,MATCH($B11,Raw!$A$2:$A$51,0)) -> 0 | M11: =IFERROR(G11/F11,0) -> 9.0377459 | N11: =IF(INDEX(Raw!$J$2:$J$51,MATCH($B11,Raw!$A$2:$A$51,0))=1,"Blocked - recall",IF(M11<Assumptions!$C$6,"Order now",IF(K11>0,"Order","OK"))) -> OK | O11: =IF(OR(SelCat="All",D11=SelCat),1,0) -> 1
B12: LIQ004 | C12: =INDEX(Raw!$B$2:$B$51,MATCH($B12,Raw!$A$2:$A$51,0)) -> Pinot Noir 750ml | D12: =INDEX(Raw!$C$2:$C$51,MATCH($B12,Raw!$A$2:$A$51,0)) -> Beer & Wine | E12: =INDEX(Raw!$D$2:$D$51,MATCH($B12,Raw!$A$2:$A$51,0)) -> Liquor Dist. | F12: =INDEX(Raw!$E$2:$E$51,MATCH($B12,Raw!$A$2:$A$51,0)) -> 2.321 | G12: =INDEX(Raw!$G$2:$G$51,MATCH($B12,Raw!$A$2:$A$51,0)) -> 16 | H12: =Assumptions!$C$8*INDEX(Raw!$F$2:$F$51,MATCH($B12,Raw!$A$2:$A$51,0))*SQRT(Assumptions!$C$6+Assumptions!$C$7) -> 5.5042843 | I12: =MIN(F12*(Assumptions!$C$6+Assumptions!$C$7)+H12,F12*MAX(1,INDEX(Raw!$H$2:$H$51,MATCH($B12,Raw!$A$2:$A$51,0)))) -> 12.467284 | J12: =MIN(I12+F12*Assumptions!$C$7,F12*MAX(1,INDEX(Raw!$H$2:$H$51,MATCH($B12,Raw!$A$2:$A$51,0)))) -> 14.788284 | K12: =IF(OR(INDEX(Raw!$J$2:$J$51,MATCH($B12,Raw!$A$2:$A$51,0))=1,G12>I12),0,ROUNDUP(MAX(0,J12-G12),0)) -> 0 | L12: =K12*INDEX(Raw!$I$2:$I$51,MATCH($B12,Raw!$A$2:$A$51,0)) -> 0 | M12: =IFERROR(G12/F12,0) -> 6.8935804 | N12: =IF(INDEX(Raw!$J$2:$J$51,MATCH($B12,Raw!$A$2:$A$51,0))=1,"Blocked - recall",IF(M12<Assumptions!$C$6,"Order now",IF(K12>0,"Order","OK"))) -> OK | O12: =IF(OR(SelCat="All",D12=SelCat),1,0) -> 1
B13: LIQ003 | C13: =INDEX(Raw!$B$2:$B$51,MATCH($B13,Raw!$A$2:$A$51,0)) -> RTD 4pk | D13: =INDEX(Raw!$C$2:$C$51,MATCH($B13,Raw!$A$2:$A$51,0)) -> Beer & Wine | E13: =INDEX(Raw!$D$2:$D$51,MATCH($B13,Raw!$A$2:$A$51,0)) -> Liquor Dist. | F13: =INDEX(Raw!$E$2:$E$51,MATCH($B13,Raw!$A$2:$A$51,0)) -> 4.393 | G13: =INDEX(Raw!$G$2:$G$51,MATCH($B13,Raw!$A$2:$A$51,0)) -> 36 | H13: =Assumptions!$C$8*INDEX(Raw!$F$2:$F$51,MATCH($B13,Raw!$A$2:$A$51,0))*SQRT(Assumptions!$C$6+Assumptions!$C$7) -> 6.8846422 | I13: =MIN(F13*(Assumptions!$C$6+Assumptions!$C$7)+H13,F13*MAX(1,INDEX(Raw!$H$2:$H$51,MATCH($B13,Raw!$A$2:$A$51,0)))) -> 20.063642 | J13: =MIN(I13+F13*Assumptions!$C$7,F13*MAX(1,INDEX(Raw!$H$2:$H$51,MATCH($B13,Raw!$A$2:$A$51,0)))) -> 24.456642 | K13: =IF(OR(INDEX(Raw!$J$2:$J$51,MATCH($B13,Raw!$A$2:$A$51,0))=1,G13>I13),0,ROUNDUP(MAX(0,J13-G13),0)) -> 0 | L13: =K13*INDEX(Raw!$I$2:$I$51,MATCH($B13,Raw!$A$2:$A$51,0)) -> 0 | M13: =IFERROR(G13/F13,0) -> 8.1948555 | N13: =IF(INDEX(Raw!$J$2:$J$51,MATCH($B13,Raw!$A$2:$A$51,0))=1,"Blocked - recall",IF(M13<Assumptions!$C$6,"Order now",IF(K13>0,"Order","OK"))) -> OK | O13: =IF(OR(SelCat="All",D13=SelCat),1,0) -> 1
B14: LIQ002 | C14: =INDEX(Raw!$B$2:$B$51,MATCH($B14,Raw!$A$2:$A$51,0)) -> Sauvignon Blanc 750ml | D14: =INDEX(Raw!$C$2:$C$51,MATCH($B14,Raw!$A$2:$A$51,0)) -> Beer & Wine | E14: =INDEX(Raw!$D$2:$D$51,MATCH($B14,Raw!$A$2:$A$51,0)) -> Liquor Dist. | F14: =INDEX(Raw!$E$2:$E$51,MATCH($B14,Raw!$A$2:$A$51,0)) -> 4.286 | G14: =INDEX(Raw!$G$2:$G$51,MATCH($B14,Raw!$A$2:$A$51,0)) -> 43 | H14: =Assumptions!$C$8*INDEX(Raw!$F$2:$F$51,MATCH($B14,Raw!$A$2:$A$51,0))*SQRT(Assumptions!$C$6+Assumptions!$C$7) -> 8.0392272 | I14: =MIN(F14*(Assumptions!$C$6+Assumptions!$C$7)+H14,F14*MAX(1,INDEX(Raw!$H$2:$H$51,MATCH($B14,Raw!$A$2:$A$51,0)))) -> 20.897227 | J14: =MIN(I14+F14*Assumptions!$C$7,F14*MAX(1,INDEX(Raw!$H$2:$H$51,MATCH($B14,Raw!$A$2:$A$51,0)))) -> 25.183227 | K14: =IF(OR(INDEX(Raw!$J$2:$J$51,MATCH($B14,Raw!$A$2:$A$51,0))=1,G14>I14),0,ROUNDUP(MAX(0,J14-G14),0)) -> 0 | L14: =K14*INDEX(Raw!$I$2:$I$51,MATCH($B14,Raw!$A$2:$A$51,0)) -> 0 | M14: =IFERROR(G14/F14,0) -> 10.032664 | N14: =IF(INDEX(Raw!$J$2:$J$51,MATCH($B14,Raw!$A$2:$A$51,0))=1,"Blocked - recall",IF(M14<Assumptions!$C$6,"Order now",IF(K14>0,"Order","OK"))) -> OK | O14: =IF(OR(SelCat="All",D14=SelCat),1,0) -> 1
B15: BEV006 | C15: =INDEX(Raw!$B$2:$B$51,MATCH($B15,Raw!$A$2:$A$51,0)) -> Bottled Water 750ml | D15: =INDEX(Raw!$C$2:$C$51,MATCH($B15,Raw!$A$2:$A$51,0)) -> Beverages | E15: =INDEX(Raw!$D$2:$D$51,MATCH($B15,Raw!$A$2:$A$51,0)) -> Beverage Dist. | F15: =INDEX(Raw!$E$2:$E$51,MATCH($B15,Raw!$A$2:$A$51,0)) -> 18.071 | G15: =INDEX(Raw!$G$2:$G$51,MATCH($B15,Raw!$A$2:$A$51,0)) -> 177 | H15: =Assumptions!$C$8*INDEX(Raw!$F$2:$F$51,MATCH($B15,Raw!$A$2:$A$51,0))*SQRT(Assumptions!$C$6+Assumptions!$C$7) -> 14.755254 | I15: =MIN(F15*(Assumptions!$C$6+Assumptions!$C$7)+H15,F15*MAX(1,INDEX(Raw!$H$2:$H$51,MATCH($B15,Raw!$A$2:$A$51,0)))) -> 68.968254 | J15: =MIN(I15+F15*Assumptions!$C$7,F15*MAX(1,INDEX(Raw!$H$2:$H$51,MATCH($B15,Raw!$A$2:$A$51,0)))) -> 87.039254 | K15: =IF(OR(INDEX(Raw!$J$2:$J$51,MATCH($B15,Raw!$A$2:$A$51,0))=1,G15>I15),0,ROUNDUP(MAX(0,J15-G15),0)) -> 0 | L15: =K15*INDEX(Raw!$I$2:$I$51,MATCH($B15,Raw!$A$2:$A$51,0)) -> 0 | M15: =IFERROR(G15/F15,0) -> 9.7946987 | N15: =IF(INDEX(Raw!$J$2:$J$51,MATCH($B15,Raw!$A$2:$A$51,0))=1,"Blocked - recall",IF(M15<Assumptions!$C$6,"Order now",IF(K15>0,"Order","OK"))) -> OK | O15: =IF(OR(SelCat="All",D15=SelCat),1,0) -> 1
B16: BBT001 | C16: =INDEX(Raw!$B$2:$B$51,MATCH($B16,Raw!$A$2:$A$51,0)) -> Bubble Tea Kit | D16: =INDEX(Raw!$C$2:$C$51,MATCH($B16,Raw!$A$2:$A$51,0)) -> Beverages | E16: =INDEX(Raw!$D$2:$D$51,MATCH($B16,Raw!$A$2:$A$51,0)) -> Asia Imports | F16: =INDEX(Raw!$E$2:$E$51,MATCH($B16,Raw!$A$2:$A$51,0)) -> 5.107 | G16: =INDEX(Raw!$G$2:$G$51,MATCH($B16,Raw!$A$2:$A$51,0)) -> 45 | H16: =Assumptions!$C$8*INDEX(Raw!$F$2:$F$51,MATCH($B16,Raw!$A$2:$A$51,0))*SQRT(Assumptions!$C$6+Assumptions!$C$7) -> 9.6310685 | I16: =MIN(F16*(Assumptions!$C$6+Assumptions!$C$7)+H16,F16*MAX(1,INDEX(Raw!$H$2:$H$51,MATCH($B16,Raw!$A$2:$A$51,0)))) -> 24.952069 | J16: =MIN(I16+F16*Assumptions!$C$7,F16*MAX(1,INDEX(Raw!$H$2:$H$51,MATCH($B16,Raw!$A$2:$A$51,0)))) -> 30.059069 | K16: =IF(OR(INDEX(Raw!$J$2:$J$51,MATCH($B16,Raw!$A$2:$A$51,0))=1,G16>I16),0,ROUNDUP(MAX(0,J16-G16),0)) -> 0 | L16: =K16*INDEX(Raw!$I$2:$I$51,MATCH($B16,Raw!$A$2:$A$51,0)) -> 0 | M16: =IFERROR(G16/F16,0) -> 8.8114353 | N16: =IF(INDEX(Raw!$J$2:$J$51,MATCH($B16,Raw!$A$2:$A$51,0))=1,"Blocked - recall",IF(M16<Assumptions!$C$6,"Order now",IF(K16>0,"Order","OK"))) -> OK | O16: =IF(OR(SelCat="All",D16=SelCat),1,0) -> 1
B17: BEV002 | C17: =INDEX(Raw!$B$2:$B$51,MATCH($B17,Raw!$A$2:$A$51,0)) -> Cola 1.5L | D17: =INDEX(Raw!$C$2:$C$51,MATCH($B17,Raw!$A$2:$A$51,0)) -> Beverages | E17: =INDEX(Raw!$D$2:$D$51,MATCH($B17,Raw!$A$2:$A$51,0)) -> Beverage Dist. | F17: =INDEX(Raw!$E$2:$E$51,MATCH($B17,Raw!$A$2:$A$51,0)) -> 14.071 | G17: =INDEX(Raw!$G$2:$G$51,MATCH($B17,Raw!$A$2:$A$51,0)) -> 127 | H17: =Assumptions!$C$8*INDEX(Raw!$F$2:$F$51,MATCH($B17,Raw!$A$2:$A$51,0))*SQRT(Assumptions!$C$6+Assumptions!$C$7) -> 13.826442 | I17: =MIN(F17*(Assumptions!$C$6+Assumptions!$C$7)+H17,F17*MAX(1,INDEX(Raw!$H$2:$H$51,MATCH($B17,Raw!$A$2:$A$51,0)))) -> 56.039442 | J17: =MIN(I17+F17*Assumptions!$C$7,F17*MAX(1,INDEX(Raw!$H$2:$H$51,MATCH($B17,Raw!$A$2:$A$51,0)))) -> 70.110442 | K17: =IF(OR(INDEX(Raw!$J$2:$J$51,MATCH($B17,Raw!$A$2:$A$51,0))=1,G17>I17),0,ROUNDUP(MAX(0,J17-G17),0)) -> 0 | L17: =K17*INDEX(Raw!$I$2:$I$51,MATCH($B17,Raw!$A$2:$A$51,0)) -> 0 | M17: =IFERROR(G17/F17,0) -> 9.0256556 | N17: =IF(INDEX(Raw!$J$2:$J$51,MATCH($B17,Raw!$A$2:$A$51,0))=1,"Blocked - recall",IF(M17<Assumptions!$C$6,"Order now",IF(K17>0,"Order","OK"))) -> OK | O17: =IF(OR(SelCat="All",D17=SelCat),1,0) -> 1
B18: BEV001 | C18: =INDEX(Raw!$B$2:$B$51,MATCH($B18,Raw!$A$2:$A$51,0)) -> Energy Drink 500ml | D18: =INDEX(Raw!$C$2:$C$51,MATCH($B18,Raw!$A$2:$A$51,0)) -> Beverages | E18: =INDEX(Raw!$D$2:$D$51,MATCH($B18,Raw!$A$2:$A$51,0)) -> Beverage Dist. | F18: =INDEX(Raw!$E$2:$E$51,MATCH($B18,Raw!$A$2:$A$51,0)) -> 31.321 | G18: =INDEX(Raw!$G$2:$G$51,MATCH($B18,Raw!$A$2:$A$51,0)) -> 238 | H18: =Assumptions!$C$8*INDEX(Raw!$F$2:$F$51,MATCH($B18,Raw!$A$2:$A$51,0))*SQRT(Assumptions!$C$6+Assumptions!$C$7) -> 55.900208 | I18: =MIN(F18*(Assumptions!$C$6+Assumptions!$C$7)+H18,F18*MAX(1,INDEX(Raw!$H$2:$H$51,MATCH($B18,Raw!$A$2:$A$51,0)))) -> 149.86321 | J18: =MIN(I18+F18*Assumptions!$C$7,F18*MAX(1,INDEX(Raw!$H$2:$H$51,MATCH($B18,Raw!$A$2:$A$51,0)))) -> 181.18421 | K18: =IF(OR(INDEX(Raw!$J$2:$J$51,MATCH($B18,Raw!$A$2:$A$51,0))=1,G18>I18),0,ROUNDUP(MAX(0,J18-G18),0)) -> 0 | L18: =K18*INDEX(Raw!$I$2:$I$51,MATCH($B18,Raw!$A$2:$A$51,0)) -> 0 | M18: =IFERROR(G18/F18,0) -> 7.5987357 | N18: =IF(INDEX(Raw!$J$2:$J$51,MATCH($B18,Raw!$A$2:$A$51,0))=1,"Blocked - recall",IF(M18<Assumptions!$C$6,"Order now",IF(K18>0,"Order","OK"))) -> OK | O18: =IF(OR(SelCat="All",D18=SelCat),1,0) -> 1
B19: BEV004 | C19: =INDEX(Raw!$B$2:$B$51,MATCH($B19,Raw!$A$2:$A$51,0)) -> Iced Coffee 500ml | D19: =INDEX(Raw!$C$2:$C$51,MATCH($B19,Raw!$A$2:$A$51,0)) -> Beverages | E19: =INDEX(Raw!$D$2:$D$51,MATCH($B19,Raw!$A$2:$A$51,0)) -> Dairy Co-op | F19: =INDEX(Raw!$E$2:$E$51,MATCH($B19,Raw!$A$2:$A$51,0)) -> 12.929 | G19: =INDEX(Raw!$G$2:$G$51,MATCH($B19,Raw!$A$2:$A$51,0)) -> 121 | H19: =Assumptions!$C$8*INDEX(Raw!$F$2:$F$51,MATCH($B19,Raw!$A$2:$A$51,0))*SQRT(Assumptions!$C$6+Assumptions!$C$7) -> 14.57235 | I19: =MIN(F19*(Assumptions!$C$6+Assumptions!$C$7)+H19,F19*MAX(1,INDEX(Raw!$H$2:$H$51,MATCH($B19,Raw!$A$2:$A$51,0)))) -> 53.35935 | J19: =MIN(I19+F19*Assumptions!$C$7,F19*MAX(1,INDEX(Raw!$H$2:$H$51,MATCH($B19,Raw!$A$2:$A$51,0)))) -> 66.28835 | K19: =IF(OR(INDEX(Raw!$J$2:$J$51,MATCH($B19,Raw!$A$2:$A$51,0))=1,G19>I19),0,ROUNDUP(MAX(0,J19-G19),0)) -> 0 | L19: =K19*INDEX(Raw!$I$2:$I$51,MATCH($B19,Raw!$A$2:$A$51,0)) -> 0 | M19: =IFERROR(G19/F19,0) -> 9.3588058 | N19: =IF(INDEX(Raw!$J$2:$J$51,MATCH($B19,Raw!$A$2:$A$51,0))=1,"Blocked - recall",IF(M19<Assumptions!$C$6,"Order now",IF(K19>0,"Order","OK"))) -> OK | O19: =IF(OR(SelCat="All",D19=SelCat),1,0) -> 1
... B57: SNK001 | C57: =INDEX(Raw!$B$2:$B$51,MATCH($B57,Raw!$A$2:$A$51,0)) -> Potato Chips 150g | D57: =INDEX(Raw!$C$2:$C$51,MATCH($B57,Raw!$A$2:$A$51,0)) -> Snacks & Confectionery | E57: =INDEX(Raw!$D$2:$D$51,MATCH($B57,Raw!$A$2:$A$51,0)) -> Snack Foods NZ | F57: =INDEX(Raw!$E$2:$E$51,MATCH($B57,Raw!$A$2:$A$51,0)) -> 22.786 | G57: =INDEX(Raw!$G$2:$G$51,MATCH($B57,Raw!$A$2:$A$51,0)) -> 165 | H57: =Assumptions!$C$8*INDEX(Raw!$F$2:$F$51,MATCH($B57,Raw!$A$2:$A$51,0))*SQRT(Assumptions!$C$6+Assumptions!$C$7) -> 18.721997 | I57: =MIN(F57*(Assumptions!$C$6+Assumptions!$C$7)+H57,F57*MAX(1,INDEX(Raw!$H$2:$H$51,MATCH($B57,Raw!$A$2:$A$51,0)))) -> 87.079997 | J57: =MIN(I57+F57*Assumptions!$C$7,F57*MAX(1,INDEX(Raw!$H$2:$H$51,MATCH($B57,Raw!$A$2:$A$51,0)))) -> 109.866 | K57: =IF(OR(INDEX(Raw!$J$2:$J$51,MATCH($B57,Raw!$A$2:$A$51,0))=1,G57>I57),0,ROUNDUP(MAX(0,J57-G57),0)) -> 0 | L57: =K57*INDEX(Raw!$I$2:$I$51,MATCH($B57,Raw!$A$2:$A$51,0)) -> 0 | M57: =IFERROR(G57/F57,0) -> 7.2412885 | N57: =IF(INDEX(Raw!$J$2:$J$51,MATCH($B57,Raw!$A$2:$A$51,0))=1,"Blocked - recall",IF(M57<Assumptions!$C$6,"Order now",IF(K57>0,"Order","OK"))) -> OK | O57: =IF(OR(SelCat="All",D57=SelCat),1,0) -> 1
B58: Total | G58: =SUM(G8:G57) -> 4162 | K58: =SUM(K8:K57) -> 4 | L58: =SUM(L8:L57) -> 22 | O58: =SUM(O8:O57) -> 50
B61: Orders by supplier
B63: Supplier | C63: Order $ | D63: Lines
B64: Asia Imports | C64: =SUMIFS($L$8:$L$57,$E$8:$E$57,$B64,$O$8:$O$57,1) -> 0 | D64: =COUNTIFS($E$8:$E$57,$B64,$K$8:$K$57,">0",$O$8:$O$57,1) -> 0
B65: Auckland Bakehouse | C65: =SUMIFS($L$8:$L$57,$E$8:$E$57,$B65,$O$8:$O$57,1) -> 0 | D65: =COUNTIFS($E$8:$E$57,$B65,$K$8:$K$57,">0",$O$8:$O$57,1) -> 0
B66: Beverage Dist. | C66: =SUMIFS($L$8:$L$57,$E$8:$E$57,$B66,$O$8:$O$57,1) -> 0 | D66: =COUNTIFS($E$8:$E$57,$B66,$K$8:$K$57,">0",$O$8:$O$57,1) -> 0
B67: Confectionery Ltd | C67: =SUMIFS($L$8:$L$57,$E$8:$E$57,$B67,$O$8:$O$57,1) -> 0 | D67: =COUNTIFS($E$8:$E$57,$B67,$K$8:$K$57,">0",$O$8:$O$57,1) -> 0
B68: Dairy Co-op | C68: =SUMIFS($L$8:$L$57,$E$8:$E$57,$B68,$O$8:$O$57,1) -> 0 | D68: =COUNTIFS($E$8:$E$57,$B68,$K$8:$K$57,">0",$O$8:$O$57,1) -> 0
B69: Farm Fresh | C69: =SUMIFS($L$8:$L$57,$E$8:$E$57,$B69,$O$8:$O$57,1) -> 0 | D69: =COUNTIFS($E$8:$E$57,$B69,$K$8:$K$57,">0",$O$8:$O$57,1) -> 0
B70: FreshKitchen | C70: =SUMIFS($L$8:$L$57,$E$8:$E$57,$B70,$O$8:$O$57,1) -> 0 | D70: =COUNTIFS($E$8:$E$57,$B70,$K$8:$K$57,">0",$O$8:$O$57,1) -> 0
B71: Frozen Foods NZ | C71: =SUMIFS($L$8:$L$57,$E$8:$E$57,$B71,$O$8:$O$57,1) -> 0 | D71: =COUNTIFS($E$8:$E$57,$B71,$K$8:$K$57,">0",$O$8:$O$57,1) -> 0
B72: Home Supplies | C72: =SUMIFS($L$8:$L$57,$E$8:$E$57,$B72,$O$8:$O$57,1) -> 22 | D72: =COUNTIFS($E$8:$E$57,$B72,$K$8:$K$57,">0",$O$8:$O$57,1) -> 1
B73: Latin Pantry | C73: =SUMIFS($L$8:$L$57,$E$8:$E$57,$B73,$O$8:$O$57,1) -> 0 | D73: =COUNTIFS($E$8:$E$57,$B73,$K$8:$K$57,">0",$O$8:$O$57,1) -> 0
B74: Liquor Dist. | C74: =SUMIFS($L$8:$L$57,$E$8:$E$57,$B74,$O$8:$O$57,1) -> 0 | D74: =COUNTIFS($E$8:$E$57,$B74,$K$8:$K$57,">0",$O$8:$O$57,1) -> 0
B75: Pantry Brands | C75: =SUMIFS($L$8:$L$57,$E$8:$E$57,$B75,$O$8:$O$57,1) -> 0 | D75: =COUNTIFS($E$8:$E$57,$B75,$K$8:$K$57,">0",$O$8:$O$57,1) -> 0
... B79: Snack Foods NZ | C79: =SUMIFS($L$8:$L$57,$E$8:$E$57,$B79,$O$8:$O$57,1) -> 0 | D79: =COUNTIFS($E$8:$E$57,$B79,$K$8:$K$57,">0",$O$8:$O$57,1) -> 0
B80: Total | C80: =SUM(C64:C79) -> 22 | D80: =SUM(D64:D79) -> 1

Sheet Pivot
B1: SHELLY
B2: Pivot tables
B3: Real Excel PivotTables over the Raw sheet: drag fields in the PivotTable pane to explore. They refresh when the file opens.
A5: On hand by category and supplier
A6: On hand | B6: Column Labels
A7: Row Labels | B7: Asia Imports | C7: Auckland Bakehouse | D7: Beverage Dist. | E7: Confectionery Ltd | F7: Dairy Co-op | G7: Farm Fresh | H7: FreshKitchen | I7: Frozen Foods NZ | J7: Home Supplies | K7: Latin Pantry | L7: Liquor Dist. | M7: Pantry Brands | N7: Pharma Dist. | O7: Plant Foods NZ | P7: Produce Market | Q7: Snack Foods NZ | R7: Grand Total
A8: Bakery | B8: 0 | C8: 325 | D8: 0 | E8: 0 | F8: 0 | G8: 0 | H8: 0 | I8: 0 | J8: 0 | K8: 0 | L8: 0 | M8: 0 | N8: 0 | O8: 0 | P8: 0 | Q8: 0 | R8: 325
A9: Beer & Wine | B9: 0 | C9: 0 | D9: 0 | E9: 0 | F9: 0 | G9: 0 | H9: 0 | I9: 0 | J9: 0 | K9: 0 | L9: 146 | M9: 0 | N9: 0 | O9: 0 | P9: 0 | Q9: 0 | R9: 146
A10: Beverages | B10: 45 | C10: 0 | D10: 647 | E10: 0 | F10: 121 | G10: 0 | H10: 0 | I10: 0 | J10: 0 | K10: 0 | L10: 0 | M10: 0 | N10: 0 | O10: 54 | P10: 0 | Q10: 0 | R10: 867
A11: Dairy | B11: 0 | C11: 0 | D11: 0 | E11: 0 | F11: 613 | G11: 0 | H11: 0 | I11: 0 | J11: 0 | K11: 0 | L11: 0 | M11: 0 | N11: 0 | O11: 60 | P11: 0 | Q11: 0 | R11: 673
A12: Food To Go | B12: 0 | C12: 0 | D12: 0 | E12: 0 | F12: 0 | G12: 0 | H12: 534 | I12: 0 | J12: 0 | K12: 0 | L12: 0 | M12: 0 | N12: 0 | O12: 0 | P12: 0 | Q12: 0 | R12: 534
A13: Frozen | B13: 36 | C13: 0 | D13: 0 | E13: 0 | F13: 0 | G13: 0 | H13: 0 | I13: 194 | J13: 0 | K13: 0 | L13: 0 | M13: 0 | N13: 0 | O13: 0 | P13: 0 | Q13: 0 | R13: 230
A14: Grocery | B14: 101 | C14: 0 | D14: 0 | E14: 0 | F14: 0 | G14: 80 | H14: 0 | I14: 0 | J14: 0 | K14: 66 | L14: 0 | M14: 138 | N14: 0 | O14: 0 | P14: 0 | Q14: 0 | R14: 385
A15: Health & Beauty | B15: 0 | C15: 0 | D15: 0 | E15: 0 | F15: 0 | G15: 0 | H15: 0 | I15: 0 | J15: 0 | K15: 0 | L15: 0 | M15: 0 | N15: 50 | O15: 0 | P15: 0 | Q15: 0 | R15: 50
A16: Household | B16: 0 | C16: 0 | D16: 0 | E16: 0 | F16: 0 | G16: 0 | H16: 0 | I16: 0 | J16: 80 | K16: 0 | L16: 0 | M16: 0 | N16: 0 | O16: 0 | P16: 0 | Q16: 0 | R16: 80
A17: Produce | B17: 0 | C17: 0 | D17: 0 | E17: 0 | F17: 0 | G17: 0 | H17: 0 | I17: 0 | J17: 0 | K17: 0 | L17: 0 | M17: 0 | N17: 0 | O17: 0 | P17: 384 | Q17: 0 | R17: 384
A18: Snacks & Confectionery | B18: 0 | C18: 0 | D18: 0 | E18: 188 | F18: 0 | G18: 0 | H18: 0 | I18: 0 | J18: 0 | K18: 64 | L18: 0 | M18: 0 | N18: 0 | O18: 0 | P18: 0 | Q18: 236 | R18: 488
A19: Grand Total | B19: 182 | C19: 325 | D19: 647 | E19: 188 | F19: 734 | G19: 80 | H19: 534 | I19: 194 | J19: 80 | K19: 130 | L19: 146 | M19: 138 | N19: 50 | O19: 114 | P19: 384 | Q19: 236 | R19: 4162

Sheet Raw
A1: SKU | B1: Product | C1: Category | D1: Supplier | E1: Daily demand | F1: Demand sd | G1: On hand | H1: Shelf life days | I1: Unit cost | J1: Blocked
A2: HHD003 | B2: Phone Charger Cable | C2: Household | D2: Home Supplies | E2: 1.143 | F2: 1.044 | G2: 4 | H2: 3650 | I2: 5.5 | J2: 0
A3: BAK001 | B3: Toast Bread White | C3: Bakery | D3: Auckland Bakehouse | E3: 20.393 | F3: 6.154 | G3: 179 | H3: 5 | I3: 2.2 | J3: 0
A4: BAK002 | B4: Wholemeal Loaf | C4: Bakery | D4: Auckland Bakehouse | E4: 11.893 | F4: 4.458 | G4: 95 | H4: 5 | I4: 2.7 | J4: 0
A5: BAK003 | B5: Croissant 4pk | C5: Bakery | D5: Auckland Bakehouse | E5: 6.929 | F5: 3.681 | G5: 51 | H5: 3 | I5: 3.3 | J5: 0
A6: BBT001 | B6: Bubble Tea Kit | C6: Beverages | D6: Asia Imports | E6: 5.107 | F6: 3.37 | G6: 45 | H6: 90 | I6: 3.9 | J6: 0
A7: BEV001 | B7: Energy Drink 500ml | C7: Beverages | D7: Beverage Dist. | E7: 31.321 | F7: 19.56 | G7: 238 | H7: 365 | I7: 2.15 | J7: 0
A8: BEV002 | B8: Cola 1.5L | C8: Beverages | D8: Beverage Dist. | E8: 14.071 | F8: 4.838 | G8: 127 | H8: 270 | I8: 2.3 | J8: 0
A9: BEV003 | B9: Sparkling Water 1L | C9: Beverages | D9: Beverage Dist. | E9: 11.964 | F9: 4.865 | G9: 105 | H9: 365 | I9: 1.1 | J9: 0
A10: BEV004 | B10: Iced Coffee 500ml | C10: Beverages | D10: Dairy Co-op | E10: 12.929 | F10: 5.099 | G10: 121 | H10: 30 | I10: 2.7 | J10: 0
A11: BEV005 | B11: Kombucha 330ml | C11: Beverages | D11: Plant Foods NZ | E11: 4.857 | F11: 2.46 | G11: 54 | H11: 120 | I11: 2.6 | J11: 0
A12: BEV006 | B12: Bottled Water 750ml | C12: Beverages | D12: Beverage Dist. | E12: 18.071 | F12: 5.163 | G12: 177 | H12: 365 | I12: 0.95 | J12: 0
A13: DRY010 | B13: Butter 500g | C13: Dairy | D13: Dairy Co-op | E13: 6.714 | F13: 3.75 | G13: 46 | H13: 60 | I13: 5.6 | J13: 0
... A51: SNK005 | B51: Lollies Bag 200g | C51: Snacks & Confectionery | D51: Confectionery Ltd | E51: 9.679 | F51: 3.682 | G51: 78 | H51: 300 | I51: 1.7 | J51: 0

Sheet Lookup
B1: SHELLY
B2: Lookup tables
B3: Reference data used by INDEX-MATCH formulas in the Model sheet.
M5: Category list
M6: All
M7: Bakery
M8: Beer & Wine
M9: Beverages
M10: Dairy
M11: Food To Go
M12: Frozen
M13: Grocery
M14: Health & Beauty
M15: Household
M16: Produce
M17: Snacks & Confectionery

Sheet Assumptions
B1: SHELLY
B2: Assumptions
B3: Blue cells are inputs: change them and every sheet recalculates.
B5: Input | C5: Value | D5: Why / source
B6: Supplier lead time (days) | C6: 2 | D6: Order to shelf
B7: Review period (days) | C7: 1 | D7: How often you order
B8: Service level (z) | C8: 1.65 | D8: 1.65 ≈ 95% of days without a stock-out; 2.05 ≈ 98%

Sheet Notes
B1: SHELLY
B2: Notes, method and sign-off
B3: How the numbers were made, what each column means, and who approved it.
B5: About this workbook
C6: Store: Demo Neighbourhood Store (Eden Terrace format). Data to 11 Oct 2026. Shelly v1.19.0.
C7: Synthetic demo data.
C8: Change the blue Category cell on the Dashboard, or any blue input on Assumptions: every formula follows.
B10: Method
C11: Safety stock = z × demand sd × √(lead + review). Reorder point = demand × (lead + review) + safety stock.
C12: Order up to = reorder point + one review period, capped at shelf-life days of demand.
C13: Recalled products are blocked (order 0).
B15: Data dictionary (Raw sheet)
B16: Daily demand | C16: Average units a day, last 28 days
B17: Demand sd | C17: Day-to-day variation (standard deviation)
B18: On hand | C18: Last count minus sales since
B19: Blocked | C19: 1 = under product recall
B21: Sign-off
B22: Orders approved | C22: Name: ____________ Date: ________ ☐ Approved ☐ Changes needed
B24: Generated by Shelly on 11 Oct 2026 21:21
